0,VIN0,VC0
1,VIN1,VC0
2,VIN2,VC0
3,VIN3,VC0
4,VIN4,VC0
5,VIN5,VC0
6,VIN6,VC0
7,VIN7,VC0
8,VIN8,VC0
9,VIN9,VC0
10,VIN10,VC0
11,VIN11,VC0
12,VIN12,VC0
13,VIN13,VC0
14,VIN14,VC0
15,VIN15,VC0
16,VIN16,VC0
17,VIN17,VC0
18,VIN18,VC0
19,VIN19,VC0
20,VIN20,VC0
21,VIN21,VC0
22,VIN22,VC0
23,VIN23,VC0
24,VIN24,VC0
25,VIN25,VC0
26,VIN26,VC0
27,VIN27,VC0
28,VIN28,VC0
29,VIN29,VC0
30,VIN30,VC0
31,VIN31,VC0
32,VIN32,VC0
33,VIN33,VC0
34,VIN34,VC0
35,VIN35,VC0
36,VIN36,VC0
37,VIN37,VC0
38,VIN38,VC0
39,VIN39,VC0
40,VIN40,VC0
41,VIN41,VC0
42,VIN42,VC0
43,VIN43,VC0
44,VIN44,VC0
45,VIN45,VC0
46,VIN46,VC0
47,VIN47,VC0
48,VIN48,VC0
49,VIN49,VC0
50,VIN50,VC0
51,VIN51,VC0
52,VIN52,VC0
53,VIN53,VC0
54,VIN54,VC0
55,VIN55,VC0
56,VIN56,VC0
57,VIN57,VC0
58,VIN58,VC0
59,VIN59,VC0
60,VIN60,VC0
61,VIN61,VC0
62,VIN62,VC0
63,VIN63,VC0
64,VIN64,VC0
65,VIN65,VC0
66,VIN66,VC0
67,VIN67,VC0
68,VIN68,VC0
69,VIN69,VC0
70,VIN70,VC0
71,VIN71,VC0
72,VIN72,VC0
73,VIN73,VC0
74,VIN74,VC0
75,VIN75,VC0
76,VIN76,VC0
77,VIN77,VC0
78,VIN78,VC0
79,VIN79,VC0
80,VIN80,VC0
81,VIN81,VC0
82,VIN82,VC0
83,VIN83,VC0
84,VIN84,VC0
85,VIN85,VC0
86,VIN86,VC0
87,VIN87,VC0
88,VIN88,VC0
89,VIN89,VC0
90,VIN90,VC0
91,VIN91,VC0
92,VIN92,VC0
93,VIN93,VC0
94,VIN94,VC0
95,VIN95,VC0
96,VIN96,VC0
97,VIN97,VC0
98,VIN98,VC0
99,VIN99,VC0
100,VIN100,VC0
101,VIN101,VC0
102,VIN102,VC0
103,VIN103,VC0
104,VIN104,VC0
105,VIN105,VC0
106,VIN106,VC0
107,VIN107,VC0
108,VIN108,VC0
109,VIN109,VC0
110,VIN110,VC0
111,VIN111,VC0
112,VIN112,VC0
113,VIN113,VC0
114,VIN114,VC0
115,VIN115,VC0
116,VIN116,VC0
117,VIN117,VC0
118,VIN118,VC0
119,VIN119,VC0
120,VIN120,VC0
121,VIN121,VC0
122,VIN122,VC0
123,VIN123,VC0
124,VIN124,VC0
125,VIN125,VC0
126,VIN126,VC0
127,VIN127,VC0
128,VIN128,VC0
129,VIN129,VC0
130,VIN130,VC0
131,VIN131,VC0
132,VIN132,VC0
133,VIN133,VC0
134,VIN134,VC0
135,VIN135,VC0
136,VIN136,VC0
137,VIN137,VC0
138,VIN138,VC0
139,VIN139,VC0
140,VIN140,VC0
141,VIN141,VC0
142,VIN142,VC0
143,VIN143,VC0
144,VIN144,VC0
145,VIN145,VC0
146,VIN146,VC0
147,VIN147,VC0
148,VIN148,VC0
149,VIN149,VC0
150,VIN150,VC0
151,VIN151,VC0
152,VIN152,VC0
153,VIN153,VC0
154,VIN154,VC0
155,VIN155,VC0
156,VIN156,VC0
157,VIN157,VC0
158,VIN158,VC0
159,VIN159,VC0
160,VIN160,VC0
161,VIN161,VC0
162,VIN162,VC0
163,VIN163,VC0
164,VIN164,VC0
165,VIN165,VC0
166,VIN166,VC0
167,VIN167,VC0
168,VIN168,VC0
169,VIN169,VC0
170,VIN170,VC0
171,VIN171,VC0
172,VIN172,VC0
173,VIN173,VC0
174,VIN174,VC0
175,VIN175,VC0
176,VIN176,VC0
177,VIN177,VC0
178,VIN178,VC0
179,VIN179,VC0
180,VIN180,VC0
181,VIN181,VC0
182,VIN182,VC0
183,VIN183,VC0
184,VIN184,VC0
185,VIN185,VC0
186,VIN186,VC0
187,VIN187,VC0
188,VIN188,VC0
189,VIN189,VC0
190,VIN190,VC0
191,VIN191,VC0
192,VIN192,VC0
193,VIN193,VC0
194,VIN194,VC0
195,VIN195,VC0
196,VIN196,VC0
197,VIN197,VC0
198,VIN198,VC0
199,VIN199,VC0