0,VIN0
1,VIN1
2,VIN2
3,VIN3
4,VIN4
5,VIN5
6,VIN6
7,VIN7
8,VIN8
9,VIN9
10,VIN10
11,VIN11
12,VIN12
13,VIN13
14,VIN14
15,VIN15
16,VIN16
17,VIN17
18,VIN18
19,VIN19
20,VIN20
21,VIN21
22,VIN22
23,VIN23
24,VIN24
25,VIN25
26,VIN26
27,VIN27
28,VIN28
29,VIN29
30,VIN30
31,VIN31
32,VIN32
33,VIN33
34,VIN34
35,VIN35
36,VIN36
37,VIN37
38,VIN38
39,VIN39
40,VIN40
41,VIN41
42,VIN42
43,VIN43
44,VIN44
45,VIN45
46,VIN46
47,VIN47
48,VIN48
49,VIN49
50,VIN50
51,VIN51
52,VIN52
53,VIN53
54,VIN54
55,VIN55
56,VIN56
57,VIN57
58,VIN58
59,VIN59
60,VIN60
61,VIN61
62,VIN62
63,VIN63
64,VIN64
65,VIN65
66,VIN66
67,VIN67
68,VIN68
69,VIN69
70,VIN70
71,VIN71
72,VIN72
73,VIN73
74,VIN74
75,VIN75
76,VIN76
77,VIN77
78,VIN78
79,VIN79
80,VIN80
81,VIN81
82,VIN82
83,VIN83
84,VIN84
85,VIN85
86,VIN86
87,VIN87
88,VIN88
89,VIN89
90,VIN90
91,VIN91
92,VIN92
93,VIN93
94,VIN94
95,VIN95
96,VIN96
97,VIN97
98,VIN98
99,VIN99
100,VIN100
101,VIN101
102,VIN102
103,VIN103
104,VIN104
105,VIN105
106,VIN106
107,VIN107
108,VIN108
109,VIN109
110,VIN110
111,VIN111
112,VIN112
113,VIN113
114,VIN114
115,VIN115
116,VIN116
117,VIN117
118,VIN118
119,VIN119
120,VIN120
121,VIN121
122,VIN122
123,VIN123
124,VIN124
125,VIN125
126,VIN126
127,VIN127
128,VIN128
129,VIN129
130,VIN130
131,VIN131
132,VIN132
133,VIN133
134,VIN134
135,VIN135
136,VIN136
137,VIN137
138,VIN138
139,VIN139
140,VIN140
141,VIN141
142,VIN142
143,VIN143
144,VIN144
145,VIN145
146,VIN146
147,VIN147
148,VIN148
149,VIN149
150,VIN150
151,VIN151
152,VIN152
153,VIN153
154,VIN154
155,VIN155
156,VIN156
157,VIN157
158,VIN158
159,VIN159
160,VIN160
161,VIN161
162,VIN162
163,VIN163
164,VIN164
165,VIN165
166,VIN166
167,VIN167
168,VIN168
169,VIN169
170,VIN170
171,VIN171
172,VIN172
173,VIN173
174,VIN174
175,VIN175
176,VIN176
177,VIN177
178,VIN178
179,VIN179
180,VIN180
181,VIN181
182,VIN182
183,VIN183
184,VIN184
185,VIN185
186,VIN186
187,VIN187
188,VIN188
189,VIN189
190,VIN190
191,VIN191
192,VIN192
193,VIN193
194,VIN194
195,VIN195
196,VIN196
197,VIN197
198,VIN198
199,VIN199